--
-- PostgreSQL database dump
--

SET statement_timeout = 0;
SET client_encoding = 'UTF8';
SET standard_conforming_strings = on;
SET check_function_bodies = false;
SET client_min_messages = warning;

SET search_path = system, pg_catalog;

--
-- Data for Name: appgroup; Type: TABLE DATA; Schema: system; Owner: postgres
--

SET SESSION AUTHORIZATION DEFAULT;

ALTER TABLE appgroup DISABLE TRIGGER ALL;

INSERT INTO appgroup (id, name, description) VALUES ('super-group-id', 'Super group', 'This is a group of users that has right in anything. It is used in developement. In production must be removed.');
INSERT INTO appgroup (id, name, description) VALUES ('admin-id', 'Administrator', 'This group is required for SOLA Administrators.');
INSERT INTO appgroup (id, name, description) VALUES ('read-only-id', 'Read Only', 'This group allows read only access to SOLA .details');
INSERT INTO appgroup (id, name, description) VALUES ('registration-id', 'Registration', 'This group allows registration staff to register and process transactions');
INSERT INTO appgroup (id, name, description) VALUES ('team-leader-id', 'Team Leader', 'This group allows senior registration staff to assign applications and produce lodgement reports');
INSERT INTO appgroup (id, name, description) VALUES ('drafting-id', 'Drafting', 'This group allows drafting staff to process the survey and sign deed workflow tasks');
INSERT INTO appgroup (id, name, description) VALUES ('hod-id', 'Head of Division', 'This group allows the head of division to review applications before they proceed to the minister.');
INSERT INTO appgroup (id, name, description) VALUES ('csr-id', 'Customer Services', 'This group allows the minister''s secretaries to lodge new applications as they are received.');
INSERT INTO appgroup (id, name, description) VALUES ('protected-id', 'View Protected Fields', 'This group allows selected users to view protected fields ush as the mortgage amount.');


ALTER TABLE appgroup ENABLE TRIGGER ALL;

--
-- Data for Name: approle_appgroup; Type: TABLE DATA; Schema: system; Owner: postgres
--

ALTER TABLE approle_appgroup DISABLE TRIGGER ALL;

INSERT INTO approle_appgroup (approle_code, appgroup_id, rowidentifier, rowversion, change_action, change_user, change_time) VALUES ('ManageBR', 'admin-id', '20322ad2-9eb4-11e3-8a15-b36c9e0f82ca', 1, 'i', 'db:postgres', '2014-02-26 20:03:42.269');
INSERT INTO approle_appgroup (approle_code, appgroup_id, rowidentifier, rowversion, change_action, change_user, change_time) VALUES ('ChangePassword', 'admin-id', '2034c2ec-9eb4-11e3-944e-4fdcdfed6a0a', 1, 'i', 'db:postgres', '2014-02-26 20:03:42.287');
INSERT INTO approle_appgroup (approle_code, appgroup_id, rowidentifier, rowversion, change_action, change_user, change_time) VALUES ('NoPasswordExpiry', 'admin-id', '2035381c-9eb4-11e3-861c-6351758e591d', 1, 'i', 'db:postgres', '2014-02-26 20:03:42.29');
INSERT INTO approle_appgroup (approle_code, appgroup_id, rowidentifier, rowversion, change_action, change_user, change_time) VALUES ('ManageRefdata', 'admin-id', '2035ad4c-9eb4-11e3-b4fb-27c95071612a', 1, 'i', 'db:postgres', '2014-02-26 20:03:42.293');
INSERT INTO approle_appgroup (approle_code, appgroup_id, rowidentifier, rowversion, change_action, change_user, change_time) VALUES ('ManageSettings', 'admin-id', '2036227c-9eb4-11e3-b170-5fc7df32264c', 1, 'i', 'db:postgres', '2014-02-26 20:03:42.296');
INSERT INTO approle_appgroup (approle_code, appgroup_id, rowidentifier, rowversion, change_action, change_user, change_time) VALUES ('ManageSecurity', 'admin-id', '203697b6-9eb4-11e3-8b4c-4faf22976b3e', 1, 'i', 'db:postgres', '2014-02-26 20:03:42.299');
INSERT INTO approle_appgroup (approle_code, appgroup_id, rowidentifier, rowversion, change_action, change_user, change_time) VALUES ('ApplnView', 'admin-id', '2036e5d6-9eb4-11e3-873d-4b6cb655c091', 1, 'i', 'db:postgres', '2014-02-26 20:03:42.301');
INSERT INTO approle_appgroup (approle_code, appgroup_id, rowidentifier, rowversion, change_action, change_user, change_time) VALUES ('BulkApplication', 'admin-id', '203733f6-9eb4-11e3-ac41-df2bb22cca4c', 1, 'i', 'db:postgres', '2014-02-26 20:03:42.303');
INSERT INTO approle_appgroup (approle_code, appgroup_id, rowidentifier, rowversion, change_action, change_user, change_time) VALUES ('DashbrdViewAssign', 'admin-id', '2037a926-9eb4-11e3-8e42-432e80792c7c', 1, 'i', 'db:postgres', '2014-02-26 20:03:42.305');
INSERT INTO approle_appgroup (approle_code, appgroup_id, rowidentifier, rowversion, change_action, change_user, change_time) VALUES ('DashbrdViewUnassign', 'admin-id', '2037f746-9eb4-11e3-9661-53fd9d0f0d1d', 1, 'i', 'db:postgres', '2014-02-26 20:03:42.307');
INSERT INTO approle_appgroup (approle_code, appgroup_id, rowidentifier, rowversion, change_action, change_user, change_time) VALUES ('SourceSearch', 'admin-id', '20381e56-9eb4-11e3-be8c-931e5e16e60c', 1, 'i', 'db:postgres', '2014-02-26 20:03:42.309');
INSERT INTO approle_appgroup (approle_code, appgroup_id, rowidentifier, rowversion, change_action, change_user, change_time) VALUES ('PartySearch', 'admin-id', '20386c76-9eb4-11e3-bab3-ebc089e880a4', 1, 'i', 'db:postgres', '2014-02-26 20:03:42.311');
INSERT INTO approle_appgroup (approle_code, appgroup_id, rowidentifier, rowversion, change_action, change_user, change_time) VALUES ('BaunitSearch', 'admin-id', '2038ba96-9eb4-11e3-8c58-4f9f9accbd20', 1, 'i', 'db:postgres', '2014-02-26 20:03:42.313');
INSERT INTO approle_appgroup (approle_code, appgroup_id, rowidentifier, rowversion, change_action, change_user, change_time) VALUES ('ReportGenerate', 'admin-id', '20392fc6-9eb4-11e3-80db-671fdcf82a2c', 1, 'i', 'db:postgres', '2014-02-26 20:03:42.315');
INSERT INTO approle_appgroup (approle_code, appgroup_id, rowidentifier, rowversion, change_action, change_user, change_time) VALUES ('CashierImport', 'admin-id', '20397df0-9eb4-11e3-add9-2fe8d4e41aff', 1, 'i', 'db:postgres', '2014-02-26 20:03:42.317');
INSERT INTO approle_appgroup (approle_code, appgroup_id, rowidentifier, rowversion, change_action, change_user, change_time) VALUES ('SourceSearch', 'read-only-id', '2039cc10-9eb4-11e3-bd5e-f79ab4140bcf', 1, 'i', 'db:postgres', '2014-02-26 20:03:42.32');
INSERT INTO approle_appgroup (approle_code, appgroup_id, rowidentifier, rowversion, change_action, change_user, change_time) VALUES ('BaunitSearch', 'read-only-id', '203a1a30-9eb4-11e3-967e-3369217646eb', 1, 'i', 'db:postgres', '2014-02-26 20:03:42.322');
INSERT INTO approle_appgroup (approle_code, appgroup_id, rowidentifier, rowversion, change_action, change_user, change_time) VALUES ('ChangePassword', 'read-only-id', '203a6850-9eb4-11e3-86d3-b7d9fb99b34c', 1, 'i', 'db:postgres', '2014-02-26 20:03:42.324');
INSERT INTO approle_appgroup (approle_code, appgroup_id, rowidentifier, rowversion, change_action, change_user, change_time) VALUES ('ApplnView', 'read-only-id', '203ab670-9eb4-11e3-86a2-b75067ed6802', 1, 'i', 'db:postgres', '2014-02-26 20:03:42.326');
INSERT INTO approle_appgroup (approle_code, appgroup_id, rowidentifier, rowversion, change_action, change_user, change_time) VALUES ('SourceSearch', 'registration-id', '203b0490-9eb4-11e3-bb28-2b7e41f33551', 1, 'i', 'db:postgres', '2014-02-26 20:03:42.328');
INSERT INTO approle_appgroup (approle_code, appgroup_id, rowidentifier, rowversion, change_action, change_user, change_time) VALUES ('BaunitSearch', 'registration-id', '203b52b0-9eb4-11e3-be84-1f9e08298051', 1, 'i', 'db:postgres', '2014-02-26 20:03:42.33');
INSERT INTO approle_appgroup (approle_code, appgroup_id, rowidentifier, rowversion, change_action, change_user, change_time) VALUES ('mortgage', 'registration-id', '203bc7e0-9eb4-11e3-a481-7ba6734d26c5', 1, 'i', 'db:postgres', '2014-02-26 20:03:42.332');
INSERT INTO approle_appgroup (approle_code, appgroup_id, rowidentifier, rowversion, change_action, change_user, change_time) VALUES ('permit', 'registration-id', '203c160a-9eb4-11e3-9608-d3f6f00c7450', 1, 'i', 'db:postgres', '2014-02-26 20:03:42.335');
INSERT INTO approle_appgroup (approle_code, appgroup_id, rowidentifier, rowversion, change_action, change_user, change_time) VALUES ('registerSublease', 'registration-id', '203c642a-9eb4-11e3-bc76-4bb1cfab8de7', 1, 'i', 'db:postgres', '2014-02-26 20:03:42.337');
INSERT INTO approle_appgroup (approle_code, appgroup_id, rowidentifier, rowversion, change_action, change_user, change_time) VALUES ('taxapi', 'registration-id', '203cb24a-9eb4-11e3-891e-e70efe82f84d', 1, 'i', 'db:postgres', '2014-02-26 20:03:42.339');
INSERT INTO approle_appgroup (approle_code, appgroup_id, rowidentifier, rowversion, change_action, change_user, change_time) VALUES ('townapi', 'registration-id', '203d006a-9eb4-11e3-9bde-43ee702d2772', 1, 'i', 'db:postgres', '2014-02-26 20:03:42.341');
INSERT INTO approle_appgroup (approle_code, appgroup_id, rowidentifier, rowversion, change_action, change_user, change_time) VALUES ('trustee', 'registration-id', '203d9caa-9eb4-11e3-8413-6385458f9044', 1, 'i', 'db:postgres', '2014-02-26 20:03:42.345');
INSERT INTO approle_appgroup (approle_code, appgroup_id, rowidentifier, rowversion, change_action, change_user, change_time) VALUES ('regnPowerOfAttorney', 'registration-id', '203deaca-9eb4-11e3-8e70-0f8c5b49de45', 1, 'i', 'db:postgres', '2014-02-26 20:03:42.347');
INSERT INTO approle_appgroup (approle_code, appgroup_id, rowidentifier, rowversion, change_action, change_user, change_time) VALUES ('removeCaveat', 'registration-id', '203e38ea-9eb4-11e3-84eb-e73dd3038211', 1, 'i', 'db:postgres', '2014-02-26 20:03:42.349');
INSERT INTO approle_appgroup (approle_code, appgroup_id, rowidentifier, rowversion, change_action, change_user, change_time) VALUES ('removeLifeEstate', 'registration-id', '203eae24-9eb4-11e3-ac39-c740a47316b1', 1, 'i', 'db:postgres', '2014-02-26 20:03:42.351');
INSERT INTO approle_appgroup (approle_code, appgroup_id, rowidentifier, rowversion, change_action, change_user, change_time) VALUES ('renewLease', 'registration-id', '203f9884-9eb4-11e3-91d9-3315f3436753', 1, 'i', 'db:postgres', '2014-02-26 20:03:42.357');
INSERT INTO approle_appgroup (approle_code, appgroup_id, rowidentifier, rowversion, change_action, change_user, change_time) VALUES ('signDeed', 'registration-id', '203fe6a4-9eb4-11e3-87f3-779b06569ef9', 1, 'i', 'db:postgres', '2014-02-26 20:03:42.36');
INSERT INTO approle_appgroup (approle_code, appgroup_id, rowidentifier, rowversion, change_action, change_user, change_time) VALUES ('siteInspection', 'registration-id', '20405bd4-9eb4-11e3-af9e-338c11a1beb0', 1, 'i', 'db:postgres', '2014-02-26 20:03:42.362');
INSERT INTO approle_appgroup (approle_code, appgroup_id, rowidentifier, rowversion, change_action, change_user, change_time) VALUES ('surrenderLease', 'registration-id', '2040a9f4-9eb4-11e3-9f85-c7ed4fa55267', 1, 'i', 'db:postgres', '2014-02-26 20:03:42.365');
INSERT INTO approle_appgroup (approle_code, appgroup_id, rowidentifier, rowversion, change_action, change_user, change_time) VALUES ('surrenderSublease', 'registration-id', '2040f814-9eb4-11e3-8ec8-c7360cda6d0a', 1, 'i', 'db:postgres', '2014-02-26 20:03:42.367');
INSERT INTO approle_appgroup (approle_code, appgroup_id, rowidentifier, rowversion, change_action, change_user, change_time) VALUES ('survey', 'registration-id', '2041463e-9eb4-11e3-9404-c73ef7a6d077', 1, 'i', 'db:postgres', '2014-02-26 20:03:42.369');
INSERT INTO approle_appgroup (approle_code, appgroup_id, rowidentifier, rowversion, change_action, change_user, change_time) VALUES ('terminateLease', 'registration-id', '2042309e-9eb4-11e3-b6a2-5f48df394ac6', 1, 'i', 'db:postgres', '2014-02-26 20:03:42.375');
INSERT INTO approle_appgroup (approle_code, appgroup_id, rowidentifier, rowversion, change_action, change_user, change_time) VALUES ('terminateSublease', 'registration-id', '2042a5ce-9eb4-11e3-94a8-bfbf981ce423', 1, 'i', 'db:postgres', '2014-02-26 20:03:42.378');
INSERT INTO approle_appgroup (approle_code, appgroup_id, rowidentifier, rowversion, change_action, change_user, change_time) VALUES ('apiEjectment', 'registration-id', '2042f3ee-9eb4-11e3-a23b-73bdbfe8f3fa', 1, 'i', 'db:postgres', '2014-02-26 20:03:42.38');
INSERT INTO approle_appgroup (approle_code, appgroup_id, rowidentifier, rowversion, change_action, change_user, change_time) VALUES ('apiExchange', 'registration-id', '2046eba2-9eb4-11e3-b7d0-532871cdf203', 1, 'i', 'db:postgres', '2014-02-26 20:03:42.406');
INSERT INTO approle_appgroup (approle_code, appgroup_id, rowidentifier, rowversion, change_action, change_user, change_time) VALUES ('apiSurrender', 'registration-id', '204739c2-9eb4-11e3-b6d0-b74252ff083c', 1, 'i', 'db:postgres', '2014-02-26 20:03:42.408');
INSERT INTO approle_appgroup (approle_code, appgroup_id, rowidentifier, rowversion, change_action, change_user, change_time) VALUES ('varyLease', 'registration-id', '204787e2-9eb4-11e3-bd4e-a31a418964a4', 1, 'i', 'db:postgres', '2014-02-26 20:03:42.41');
INSERT INTO approle_appgroup (approle_code, appgroup_id, rowidentifier, rowversion, change_action, change_user, change_time) VALUES ('leaseInPossession', 'registration-id', '2047d602-9eb4-11e3-8067-5745bccbb8b0', 1, 'i', 'db:postgres', '2014-02-26 20:03:42.412');
INSERT INTO approle_appgroup (approle_code, appgroup_id, rowidentifier, rowversion, change_action, change_user, change_time) VALUES ('leaseProbate', 'registration-id', '20482422-9eb4-11e3-ae98-bf8582224077', 1, 'i', 'db:postgres', '2014-02-26 20:03:42.414');
INSERT INTO approle_appgroup (approle_code, appgroup_id, rowidentifier, rowversion, change_action, change_user, change_time) VALUES ('transferSublease', 'registration-id', '20487242-9eb4-11e3-bac6-ffc9a4c098aa', 1, 'i', 'db:postgres', '2014-02-26 20:03:42.416');
INSERT INTO approle_appgroup (approle_code, appgroup_id, rowidentifier, rowversion, change_action, change_user, change_time) VALUES ('subleaseInPossession', 'registration-id', '20489952-9eb4-11e3-b626-635c23695e98', 1, 'i', 'db:postgres', '2014-02-26 20:03:42.417');
INSERT INTO approle_appgroup (approle_code, appgroup_id, rowidentifier, rowversion, change_action, change_user, change_time) VALUES ('subleaseProbate', 'registration-id', '2048e772-9eb4-11e3-b64a-47808f227a1f', 1, 'i', 'db:postgres', '2014-02-26 20:03:42.419');
INSERT INTO approle_appgroup (approle_code, appgroup_id, rowidentifier, rowversion, change_action, change_user, change_time) VALUES ('varyEasement', 'registration-id', '204983bc-9eb4-11e3-ae5e-776a1dd1c2fa', 1, 'i', 'db:postgres', '2014-02-26 20:03:42.422');
INSERT INTO approle_appgroup (approle_code, appgroup_id, rowidentifier, rowversion, change_action, change_user, change_time) VALUES ('varyLifeEstate', 'registration-id', '2049f8ec-9eb4-11e3-a0a7-6b8c734e1a43', 1, 'i', 'db:postgres', '2014-02-26 20:03:42.425');
INSERT INTO approle_appgroup (approle_code, appgroup_id, rowidentifier, rowversion, change_action, change_user, change_time) VALUES ('varyMortgage', 'registration-id', '204a6e1c-9eb4-11e3-9c0c-4b708b0ceca7', 1, 'i', 'db:postgres', '2014-02-26 20:03:42.428');
INSERT INTO approle_appgroup (approle_code, appgroup_id, rowidentifier, rowversion, change_action, change_user, change_time) VALUES ('varySublease', 'registration-id', '204ae34c-9eb4-11e3-a86e-17c7d41ddda0', 1, 'i', 'db:postgres', '2014-02-26 20:03:42.432');
INSERT INTO approle_appgroup (approle_code, appgroup_id, rowidentifier, rowversion, change_action, change_user, change_time) VALUES ('varyCaveat', 'registration-id', '204b587c-9eb4-11e3-9425-1795ad686908', 1, 'i', 'db:postgres', '2014-02-26 20:03:42.434');
INSERT INTO approle_appgroup (approle_code, appgroup_id, rowidentifier, rowversion, change_action, change_user, change_time) VALUES ('varyTrustee', 'registration-id', '204ba69c-9eb4-11e3-9780-3f48c2c2fd4a', 1, 'i', 'db:postgres', '2014-02-26 20:03:42.437');
INSERT INTO approle_appgroup (approle_code, appgroup_id, rowidentifier, rowversion, change_action, change_user, change_time) VALUES ('CancelService', 'registration-id', '204c42e6-9eb4-11e3-a911-d7abef5609fb', 1, 'i', 'db:postgres', '2014-02-26 20:03:42.44');
INSERT INTO approle_appgroup (approle_code, appgroup_id, rowidentifier, rowversion, change_action, change_user, change_time) VALUES ('CompleteService', 'registration-id', '204c9106-9eb4-11e3-8d80-cf94c91381b3', 1, 'i', 'db:postgres', '2014-02-26 20:03:42.443');
INSERT INTO approle_appgroup (approle_code, appgroup_id, rowidentifier, rowversion, change_action, change_user, change_time) VALUES ('RevertService', 'registration-id', '204d0636-9eb4-11e3-b69b-df7eaf4f5bc0', 1, 'i', 'db:postgres', '2014-02-26 20:03:42.446');
INSERT INTO approle_appgroup (approle_code, appgroup_id, rowidentifier, rowversion, change_action, change_user, change_time) VALUES ('StartService', 'registration-id', '204d7b66-9eb4-11e3-a9b5-97b87f65f899', 1, 'i', 'db:postgres', '2014-02-26 20:03:42.449');
INSERT INTO approle_appgroup (approle_code, appgroup_id, rowidentifier, rowversion, change_action, change_user, change_time) VALUES ('ApplnApprove', 'registration-id', '204df096-9eb4-11e3-916a-5740c20ffe49', 1, 'i', 'db:postgres', '2014-02-26 20:03:42.451');
INSERT INTO approle_appgroup (approle_code, appgroup_id, rowidentifier, rowversion, change_action, change_user, change_time) VALUES ('ChangePassword', 'registration-id', '204e3eb6-9eb4-11e3-adc3-a3f1f5bb8f4c', 1, 'i', 'db:postgres', '2014-02-26 20:03:42.454');
INSERT INTO approle_appgroup (approle_code, appgroup_id, rowidentifier, rowversion, change_action, change_user, change_time) VALUES ('ApplnView', 'registration-id', '204eb3f0-9eb4-11e3-ace2-2f89af111b42', 1, 'i', 'db:postgres', '2014-02-26 20:03:42.457');
INSERT INTO approle_appgroup (approle_code, appgroup_id, rowidentifier, rowversion, change_action, change_user, change_time) VALUES ('ApplnAssignSelf', 'registration-id', '204f2920-9eb4-11e3-889b-bba990dbba43', 1, 'i', 'db:postgres', '2014-02-26 20:03:42.46');
INSERT INTO approle_appgroup (approle_code, appgroup_id, rowidentifier, rowversion, change_action, change_user, change_time) VALUES ('ApplnEdit', 'registration-id', '204f7740-9eb4-11e3-9fa1-e73562be684a', 1, 'i', 'db:postgres', '2014-02-26 20:03:42.462');
INSERT INTO approle_appgroup (approle_code, appgroup_id, rowidentifier, rowversion, change_action, change_user, change_time) VALUES ('ApplnCreate', 'registration-id', '204fc560-9eb4-11e3-9e12-fba45c198d2f', 1, 'i', 'db:postgres', '2014-02-26 20:03:42.463');
INSERT INTO approle_appgroup (approle_code, appgroup_id, rowidentifier, rowversion, change_action, change_user, change_time) VALUES ('ApplnStatus', 'registration-id', '204fec70-9eb4-11e3-b7f8-bb9ce54577f1', 1, 'i', 'db:postgres', '2014-02-26 20:03:42.465');
INSERT INTO approle_appgroup (approle_code, appgroup_id, rowidentifier, rowversion, change_action, change_user, change_time) VALUES ('ApplnUnassignSelf', 'registration-id', '20503a90-9eb4-11e3-b036-dbbe9f6f6f28', 1, 'i', 'db:postgres', '2014-02-26 20:03:42.466');
INSERT INTO approle_appgroup (approle_code, appgroup_id, rowidentifier, rowversion, change_action, change_user, change_time) VALUES ('ApplnArchive', 'registration-id', '205061a0-9eb4-11e3-a981-b7e8fd6e74e8', 1, 'i', 'db:postgres', '2014-02-26 20:03:42.468');
INSERT INTO approle_appgroup (approle_code, appgroup_id, rowidentifier, rowversion, change_action, change_user, change_time) VALUES ('ApplnReject', 'registration-id', '205088b0-9eb4-11e3-8226-fb0ca2b18ddf', 1, 'i', 'db:postgres', '2014-02-26 20:03:42.469');
INSERT INTO approle_appgroup (approle_code, appgroup_id, rowidentifier, rowversion, change_action, change_user, change_time) VALUES ('ApplnDispatch', 'registration-id', '2050d6d0-9eb4-11e3-b27d-1fdb415a384d', 1, 'i', 'db:postgres', '2014-02-26 20:03:42.471');
INSERT INTO approle_appgroup (approle_code, appgroup_id, rowidentifier, rowversion, change_action, change_user, change_time) VALUES ('ApplnRequisition', 'registration-id', '2050fde0-9eb4-11e3-835b-8ba23a53b074', 1, 'i', 'db:postgres', '2014-02-26 20:03:42.472');
INSERT INTO approle_appgroup (approle_code, appgroup_id, rowidentifier, rowversion, change_action, change_user, change_time) VALUES ('ApplnResubmit', 'registration-id', '20514c0a-9eb4-11e3-b9b9-f7aa87314610', 1, 'i', 'db:postgres', '2014-02-26 20:03:42.474');
INSERT INTO approle_appgroup (approle_code, appgroup_id, rowidentifier, rowversion, change_action, change_user, change_time) VALUES ('ApplnValidate', 'registration-id', '20519a2a-9eb4-11e3-9de1-0bdc4a0f5f21', 1, 'i', 'db:postgres', '2014-02-26 20:03:42.475');
INSERT INTO approle_appgroup (approle_code, appgroup_id, rowidentifier, rowversion, change_action, change_user, change_time) VALUES ('ApplnWithdraw', 'registration-id', '2051c13a-9eb4-11e3-83f2-9b9d6a720973', 1, 'i', 'db:postgres', '2014-02-26 20:03:42.477');
INSERT INTO approle_appgroup (approle_code, appgroup_id, rowidentifier, rowversion, change_action, change_user, change_time) VALUES ('DashbrdViewAssign', 'registration-id', '20520f5a-9eb4-11e3-85ca-bf1d56e616f4', 1, 'i', 'db:postgres', '2014-02-26 20:03:42.479');
INSERT INTO approle_appgroup (approle_code, appgroup_id, rowidentifier, rowversion, change_action, change_user, change_time) VALUES ('DashbrdViewUnassign', 'registration-id', '2052366a-9eb4-11e3-9c4f-8b17b2e97b90', 1, 'i', 'db:postgres', '2014-02-26 20:03:42.48');
INSERT INTO approle_appgroup (approle_code, appgroup_id, rowidentifier, rowversion, change_action, change_user, change_time) VALUES ('TransactionCommit', 'registration-id', '2052848a-9eb4-11e3-9cce-dfc091ee610f', 1, 'i', 'db:postgres', '2014-02-26 20:03:42.482');
INSERT INTO approle_appgroup (approle_code, appgroup_id, rowidentifier, rowversion, change_action, change_user, change_time) VALUES ('SourceSave', 'registration-id', '2052d2aa-9eb4-11e3-a3b8-f7ebfd41201e', 1, 'i', 'db:postgres', '2014-02-26 20:03:42.484');
INSERT INTO approle_appgroup (approle_code, appgroup_id, rowidentifier, rowversion, change_action, change_user, change_time) VALUES ('ParcelSave', 'registration-id', '2052f9ba-9eb4-11e3-8800-23567de258a6', 1, 'i', 'db:postgres', '2014-02-26 20:03:42.485');
INSERT INTO approle_appgroup (approle_code, appgroup_id, rowidentifier, rowversion, change_action, change_user, change_time) VALUES ('PartySave', 'registration-id', '205347da-9eb4-11e3-88a6-f7497331bdab', 1, 'i', 'db:postgres', '2014-02-26 20:03:42.487');
INSERT INTO approle_appgroup (approle_code, appgroup_id, rowidentifier, rowversion, change_action, change_user, change_time) VALUES ('PartySearch', 'registration-id', '205395fa-9eb4-11e3-99c0-8b15978fc0f4', 1, 'i', 'db:postgres', '2014-02-26 20:03:42.489');
INSERT INTO approle_appgroup (approle_code, appgroup_id, rowidentifier, rowversion, change_action, change_user, change_time) VALUES ('BaunitSave', 'registration-id', '2053e41a-9eb4-11e3-ba69-6f850eb218e3', 1, 'i', 'db:postgres', '2014-02-26 20:03:42.491');
INSERT INTO approle_appgroup (approle_code, appgroup_id, rowidentifier, rowversion, change_action, change_user, change_time) VALUES ('BaunitCertificate', 'registration-id', '20545954-9eb4-11e3-88ea-734a79acb046', 1, 'i', 'db:postgres', '2014-02-26 20:03:42.494');
INSERT INTO approle_appgroup (approle_code, appgroup_id, rowidentifier, rowversion, change_action, change_user, change_time) VALUES ('assignMortgage', 'registration-id', '2054a774-9eb4-11e3-9b76-1fa30cd307bb', 1, 'i', 'db:postgres', '2014-02-26 20:03:42.496');
INSERT INTO approle_appgroup (approle_code, appgroup_id, rowidentifier, rowversion, change_action, change_user, change_time) VALUES ('cabinetSubmission', 'registration-id', '2054ce84-9eb4-11e3-8079-0747bdd1db16', 1, 'i', 'db:postgres', '2014-02-26 20:03:42.497');
INSERT INTO approle_appgroup (approle_code, appgroup_id, rowidentifier, rowversion, change_action, change_user, change_time) VALUES ('cancelApi', 'registration-id', '20551ca4-9eb4-11e3-8066-53c570ee5ff1', 1, 'i', 'db:postgres', '2014-02-26 20:03:42.499');
INSERT INTO approle_appgroup (approle_code, appgroup_id, rowidentifier, rowversion, change_action, change_user, change_time) VALUES ('removeEasement', 'registration-id', '20556ac4-9eb4-11e3-841d-3f9e493a4a03', 1, 'i', 'db:postgres', '2014-02-26 20:03:42.501');
INSERT INTO approle_appgroup (approle_code, appgroup_id, rowidentifier, rowversion, change_action, change_user, change_time) VALUES ('cancelPermit', 'registration-id', '2055b8e4-9eb4-11e3-b117-d7953db052d2', 1, 'i', 'db:postgres', '2014-02-26 20:03:42.503');
INSERT INTO approle_appgroup (approle_code, appgroup_id, rowidentifier, rowversion, change_action, change_user, change_time) VALUES ('cnclPowerOfAttorney', 'registration-id', '2055dff4-9eb4-11e3-a94b-d30d00f452c8', 1, 'i', 'db:postgres', '2014-02-26 20:03:42.504');
INSERT INTO approle_appgroup (approle_code, appgroup_id, rowidentifier, rowversion, change_action, change_user, change_time) VALUES ('removeTrustee', 'registration-id', '20562e14-9eb4-11e3-b5f8-f39942b40627', 1, 'i', 'db:postgres', '2014-02-26 20:03:42.506');
INSERT INTO approle_appgroup (approle_code, appgroup_id, rowidentifier, rowversion, change_action, change_user, change_time) VALUES ('checklist', 'registration-id', '20565524-9eb4-11e3-a6f0-d7fc2618bafc', 1, 'i', 'db:postgres', '2014-02-26 20:03:42.507');
INSERT INTO approle_appgroup (approle_code, appgroup_id, rowidentifier, rowversion, change_action, change_user, change_time) VALUES ('correctRegistry', 'registration-id', '2056a34e-9eb4-11e3-a050-377961c7d209', 1, 'i', 'db:postgres', '2014-02-26 20:03:42.508');
INSERT INTO approle_appgroup (approle_code, appgroup_id, rowidentifier, rowversion, change_action, change_user, change_time) VALUES ('correctRegistryRem', 'registration-id', '2056ca5e-9eb4-11e3-b1ee-73ac18d77ed3', 1, 'i', 'db:postgres', '2014-02-26 20:03:42.51');
INSERT INTO approle_appgroup (approle_code, appgroup_id, rowidentifier, rowversion, change_action, change_user, change_time) VALUES ('removeRestriction', 'registration-id', '2057187e-9eb4-11e3-9e9f-afc7921eb710', 1, 'i', 'db:postgres', '2014-02-26 20:03:42.512');
INSERT INTO approle_appgroup (approle_code, appgroup_id, rowidentifier, rowversion, change_action, change_user, change_time) VALUES ('draftDeed', 'registration-id', '20573f8e-9eb4-11e3-b725-5758bd802729', 1, 'i', 'db:postgres', '2014-02-26 20:03:42.513');
INSERT INTO approle_appgroup (approle_code, appgroup_id, rowidentifier, rowversion, change_action, change_user, change_time) VALUES ('itemNumber', 'registration-id', '20578dae-9eb4-11e3-8eba-0394451a3f57', 1, 'i', 'db:postgres', '2014-02-26 20:03:42.515');
INSERT INTO approle_appgroup (approle_code, appgroup_id, rowidentifier, rowversion, change_action, change_user, change_time) VALUES ('ministerBriefing', 'registration-id', '2057b4be-9eb4-11e3-8bbd-0fa2270834a6', 1, 'i', 'db:postgres', '2014-02-26 20:03:42.516');
INSERT INTO approle_appgroup (approle_code, appgroup_id, rowidentifier, rowversion, change_action, change_user, change_time) VALUES ('ministerDecision', 'registration-id', '205802de-9eb4-11e3-bc5a-47083243521b', 1, 'i', 'db:postgres', '2014-02-26 20:03:42.518');
INSERT INTO approle_appgroup (approle_code, appgroup_id, rowidentifier, rowversion, change_action, change_user, change_time) VALUES ('caveat', 'registration-id', '205829ee-9eb4-11e3-8dcf-170936b2992b', 1, 'i', 'db:postgres', '2014-02-26 20:03:42.519');
INSERT INTO approle_appgroup (approle_code, appgroup_id, rowidentifier, rowversion, change_action, change_user, change_time) VALUES ('leaseDocument', 'registration-id', '2058780e-9eb4-11e3-930a-ab0fdeea943f', 1, 'i', 'db:postgres', '2014-02-26 20:03:42.521');
INSERT INTO approle_appgroup (approle_code, appgroup_id, rowidentifier, rowversion, change_action, change_user, change_time) VALUES ('mortgageDocument', 'registration-id', '20589f1e-9eb4-11e3-98e3-abcab7a3693f', 1, 'i', 'db:postgres', '2014-02-26 20:03:42.522');
INSERT INTO approle_appgroup (approle_code, appgroup_id, rowidentifier, rowversion, change_action, change_user, change_time) VALUES ('easement', 'registration-id', '2058ed3e-9eb4-11e3-a078-ef5797d21d9b', 1, 'i', 'db:postgres', '2014-02-26 20:03:42.523');
INSERT INTO approle_appgroup (approle_code, appgroup_id, rowidentifier, rowversion, change_action, change_user, change_time) VALUES ('registerLease', 'registration-id', '20596278-9eb4-11e3-b48d-47af1097c2d0', 1, 'i', 'db:postgres', '2014-02-26 20:03:42.526');
INSERT INTO approle_appgroup (approle_code, appgroup_id, rowidentifier, rowversion, change_action, change_user, change_time) VALUES ('lifeEstate', 'registration-id', '20598988-9eb4-11e3-9758-ef2db2d03e7b', 1, 'i', 'db:postgres', '2014-02-26 20:03:42.528');
INSERT INTO approle_appgroup (approle_code, appgroup_id, rowidentifier, rowversion, change_action, change_user, change_time) VALUES ('ApplnUnassignOthers', 'team-leader-id', '2059d7a8-9eb4-11e3-b408-87c554233262', 1, 'i', 'db:postgres', '2014-02-26 20:03:42.53');
INSERT INTO approle_appgroup (approle_code, appgroup_id, rowidentifier, rowversion, change_action, change_user, change_time) VALUES ('ApplnAssignOthers', 'team-leader-id', '2059feb8-9eb4-11e3-aecb-774295d5d491', 1, 'i', 'db:postgres', '2014-02-26 20:03:42.531');
INSERT INTO approle_appgroup (approle_code, appgroup_id, rowidentifier, rowversion, change_action, change_user, change_time) VALUES ('RHSave', 'team-leader-id', '205a4cd8-9eb4-11e3-a64b-a79a92551f5f', 1, 'i', 'db:postgres', '2014-02-26 20:03:42.532');
INSERT INTO approle_appgroup (approle_code, appgroup_id, rowidentifier, rowversion, change_action, change_user, change_time) VALUES ('ReportGenerate', 'team-leader-id', '205a73e8-9eb4-11e3-b5fe-53f611971472', 1, 'i', 'db:postgres', '2014-02-26 20:03:42.534');
INSERT INTO approle_appgroup (approle_code, appgroup_id, rowidentifier, rowversion, change_action, change_user, change_time) VALUES ('hodReview', 'team-leader-id', '205a9af8-9eb4-11e3-9d7e-c3044a5e72c6', 1, 'i', 'db:postgres', '2014-02-26 20:03:42.535');
INSERT INTO approle_appgroup (approle_code, appgroup_id, rowidentifier, rowversion, change_action, change_user, change_time) VALUES ('ApplnAssignOthers', 'drafting-id', '205ae918-9eb4-11e3-aa8a-e7bea4ce01b9', 1, 'i', 'db:postgres', '2014-02-26 20:03:42.537');
INSERT INTO approle_appgroup (approle_code, appgroup_id, rowidentifier, rowversion, change_action, change_user, change_time) VALUES ('SourceSearch', 'drafting-id', '205b3738-9eb4-11e3-858d-e7b027fca980', 1, 'i', 'db:postgres', '2014-02-26 20:03:42.538');
INSERT INTO approle_appgroup (approle_code, appgroup_id, rowidentifier, rowversion, change_action, change_user, change_time) VALUES ('BaunitSearch', 'drafting-id', '205b5e48-9eb4-11e3-82be-9b3ce2e1b92b', 1, 'i', 'db:postgres', '2014-02-26 20:03:42.54');
INSERT INTO approle_appgroup (approle_code, appgroup_id, rowidentifier, rowversion, change_action, change_user, change_time) VALUES ('ChangePassword', 'drafting-id', '205bac68-9eb4-11e3-9be7-1b90756ce03f', 1, 'i', 'db:postgres', '2014-02-26 20:03:42.541');
INSERT INTO approle_appgroup (approle_code, appgroup_id, rowidentifier, rowversion, change_action, change_user, change_time) VALUES ('ApplnView', 'drafting-id', '205bfa92-9eb4-11e3-a5c2-cb9d5233e1b7', 1, 'i', 'db:postgres', '2014-02-26 20:03:42.544');
INSERT INTO approle_appgroup (approle_code, appgroup_id, rowidentifier, rowversion, change_action, change_user, change_time) VALUES ('ApplnAssignSelf', 'drafting-id', '205c48b2-9eb4-11e3-84e3-eff4bb479e7c', 1, 'i', 'db:postgres', '2014-02-26 20:03:42.545');
INSERT INTO approle_appgroup (approle_code, appgroup_id, rowidentifier, rowversion, change_action, change_user, change_time) VALUES ('ApplnUnassignSelf', 'drafting-id', '205c6fc2-9eb4-11e3-be2e-4b62456b98b9', 1, 'i', 'db:postgres', '2014-02-26 20:03:42.547');
INSERT INTO approle_appgroup (approle_code, appgroup_id, rowidentifier, rowversion, change_action, change_user, change_time) VALUES ('DashbrdViewAssign', 'drafting-id', '205c96d2-9eb4-11e3-b9c2-2792b0dd5a71', 1, 'i', 'db:postgres', '2014-02-26 20:03:42.548');
INSERT INTO approle_appgroup (approle_code, appgroup_id, rowidentifier, rowversion, change_action, change_user, change_time) VALUES ('DashbrdViewUnassign', 'drafting-id', '205ce4f2-9eb4-11e3-8e68-3fc59c772c6f', 1, 'i', 'db:postgres', '2014-02-26 20:03:42.55');
INSERT INTO approle_appgroup (approle_code, appgroup_id, rowidentifier, rowversion, change_action, change_user, change_time) VALUES ('draftDeed', 'drafting-id', '205d0c02-9eb4-11e3-9fdd-b394cda1dd77', 1, 'i', 'db:postgres', '2014-02-26 20:03:42.551');
INSERT INTO approle_appgroup (approle_code, appgroup_id, rowidentifier, rowversion, change_action, change_user, change_time) VALUES ('survey', 'drafting-id', '205d5a22-9eb4-11e3-b055-1b181b292971', 1, 'i', 'db:postgres', '2014-02-26 20:03:42.553');
INSERT INTO approle_appgroup (approle_code, appgroup_id, rowidentifier, rowversion, change_action, change_user, change_time) VALUES ('CompleteService', 'drafting-id', '205da842-9eb4-11e3-a8de-83965cc961d5', 1, 'i', 'db:postgres', '2014-02-26 20:03:42.555');
INSERT INTO approle_appgroup (approle_code, appgroup_id, rowidentifier, rowversion, change_action, change_user, change_time) VALUES ('RevertService', 'drafting-id', '205dcf52-9eb4-11e3-9021-eb95b40b3fe3', 1, 'i', 'db:postgres', '2014-02-26 20:03:42.556');
INSERT INTO approle_appgroup (approle_code, appgroup_id, rowidentifier, rowversion, change_action, change_user, change_time) VALUES ('StartService', 'drafting-id', '205e1d72-9eb4-11e3-9181-e7bf427b4553', 1, 'i', 'db:postgres', '2014-02-26 20:03:42.558');
INSERT INTO approle_appgroup (approle_code, appgroup_id, rowidentifier, rowversion, change_action, change_user, change_time) VALUES ('SourceSearch', 'csr-id', '205eb9bc-9eb4-11e3-9fc8-ebb964790e91', 1, 'i', 'db:postgres', '2014-02-26 20:03:42.562');
INSERT INTO approle_appgroup (approle_code, appgroup_id, rowidentifier, rowversion, change_action, change_user, change_time) VALUES ('BaunitSearch', 'csr-id', '205f07dc-9eb4-11e3-9960-afb1bfe6f610', 1, 'i', 'db:postgres', '2014-02-26 20:03:42.564');
INSERT INTO approle_appgroup (approle_code, appgroup_id, rowidentifier, rowversion, change_action, change_user, change_time) VALUES ('ChangePassword', 'csr-id', '205f55fc-9eb4-11e3-b0f3-e3eeb5c9f61e', 1, 'i', 'db:postgres', '2014-02-26 20:03:42.566');
INSERT INTO approle_appgroup (approle_code, appgroup_id, rowidentifier, rowversion, change_action, change_user, change_time) VALUES ('ApplnView', 'csr-id', '205fa41c-9eb4-11e3-bcf2-877e1e1b502d', 1, 'i', 'db:postgres', '2014-02-26 20:03:42.568');
INSERT INTO approle_appgroup (approle_code, appgroup_id, rowidentifier, rowversion, change_action, change_user, change_time) VALUES ('ApplnEdit', 'csr-id', '205fcb2c-9eb4-11e3-955b-c779377ec401', 1, 'i', 'db:postgres', '2014-02-26 20:03:42.569');
INSERT INTO approle_appgroup (approle_code, appgroup_id, rowidentifier, rowversion, change_action, change_user, change_time) VALUES ('ApplnCreate', 'csr-id', '2060194c-9eb4-11e3-80e6-6fd40ef7793e', 1, 'i', 'db:postgres', '2014-02-26 20:03:42.571');
INSERT INTO approle_appgroup (approle_code, appgroup_id, rowidentifier, rowversion, change_action, change_user, change_time) VALUES ('ApplnValidate', 'csr-id', '2060676c-9eb4-11e3-aafb-d7fe98d8359d', 1, 'i', 'db:postgres', '2014-02-26 20:03:42.573');
INSERT INTO approle_appgroup (approle_code, appgroup_id, rowidentifier, rowversion, change_action, change_user, change_time) VALUES ('DashbrdViewAssign', 'csr-id', '20608e7c-9eb4-11e3-b4c1-ef34966b2409', 1, 'i', 'db:postgres', '2014-02-26 20:03:42.574');
INSERT INTO approle_appgroup (approle_code, appgroup_id, rowidentifier, rowversion, change_action, change_user, change_time) VALUES ('DashbrdViewUnassign', 'csr-id', '2060dc9c-9eb4-11e3-b9b2-fb9d831aeec0', 1, 'i', 'db:postgres', '2014-02-26 20:03:42.576');
INSERT INTO approle_appgroup (approle_code, appgroup_id, rowidentifier, rowversion, change_action, change_user, change_time) VALUES ('ApplnAssignOthers', 'hod-id', '206103ac-9eb4-11e3-88a4-7bda649a9801', 1, 'i', 'db:postgres', '2014-02-26 20:03:42.577');
INSERT INTO approle_appgroup (approle_code, appgroup_id, rowidentifier, rowversion, change_action, change_user, change_time) VALUES ('SourceSearch', 'hod-id', '206151d6-9eb4-11e3-a09a-5f1cc1d9c7ef', 1, 'i', 'db:postgres', '2014-02-26 20:03:42.579');
INSERT INTO approle_appgroup (approle_code, appgroup_id, rowidentifier, rowversion, change_action, change_user, change_time) VALUES ('BaunitSearch', 'hod-id', '2061ee16-9eb4-11e3-b6f1-830c5c2b472c', 1, 'i', 'db:postgres', '2014-02-26 20:03:42.583');
INSERT INTO approle_appgroup (approle_code, appgroup_id, rowidentifier, rowversion, change_action, change_user, change_time) VALUES ('ChangePassword', 'hod-id', '2062b166-9eb4-11e3-837f-df81d4c30371', 1, 'i', 'db:postgres', '2014-02-26 20:03:42.588');
INSERT INTO approle_appgroup (approle_code, appgroup_id, rowidentifier, rowversion, change_action, change_user, change_time) VALUES ('ApplnView', 'hod-id', '2063e9e6-9eb4-11e3-bc5e-d78528eb8185', 1, 'i', 'db:postgres', '2014-02-26 20:03:42.595');
INSERT INTO approle_appgroup (approle_code, appgroup_id, rowidentifier, rowversion, change_action, change_user, change_time) VALUES ('ApplnEdit', 'hod-id', '20643810-9eb4-11e3-ba66-e710c6b0ca40', 1, 'i', 'db:postgres', '2014-02-26 20:03:42.598');
INSERT INTO approle_appgroup (approle_code, appgroup_id, rowidentifier, rowversion, change_action, change_user, change_time) VALUES ('ApplnCreate', 'hod-id', '2067e19a-9eb4-11e3-b999-e75dcf521d69', 1, 'i', 'db:postgres', '2014-02-26 20:03:42.622');
INSERT INTO approle_appgroup (approle_code, appgroup_id, rowidentifier, rowversion, change_action, change_user, change_time) VALUES ('ApplnValidate', 'hod-id', '20687dda-9eb4-11e3-8f47-2f7b6c6b0836', 1, 'i', 'db:postgres', '2014-02-26 20:03:42.625');
INSERT INTO approle_appgroup (approle_code, appgroup_id, rowidentifier, rowversion, change_action, change_user, change_time) VALUES ('DashbrdViewAssign', 'hod-id', '2068cbfa-9eb4-11e3-91fc-37d3f722788d', 1, 'i', 'db:postgres', '2014-02-26 20:03:42.628');
INSERT INTO approle_appgroup (approle_code, appgroup_id, rowidentifier, rowversion, change_action, change_user, change_time) VALUES ('DashbrdViewUnassign', 'hod-id', '2069412a-9eb4-11e3-b6fc-b3a55e1e336f', 1, 'i', 'db:postgres', '2014-02-26 20:03:42.63');
INSERT INTO approle_appgroup (approle_code, appgroup_id, rowidentifier, rowversion, change_action, change_user, change_time) VALUES ('hodReview', 'hod-id', '20698f54-9eb4-11e3-b61d-7f495fa94158', 1, 'i', 'db:postgres', '2014-02-26 20:03:42.633');
INSERT INTO approle_appgroup (approle_code, appgroup_id, rowidentifier, rowversion, change_action, change_user, change_time) VALUES ('ViewProtectedFields', 'protected-id', '206b8b24-9eb4-11e3-a4d2-efb7e535751d', 1, 'i', 'db:postgres', '2014-02-26 20:03:42.645');
INSERT INTO approle_appgroup (approle_code, appgroup_id, rowidentifier, rowversion, change_action, change_user, change_time) VALUES ('ViewMap', 'admin-id', 'e28c8b2a-a249-11e3-9b42-b75eb718f7ba', 1, 'i', 'db:postgres', '2014-03-03 09:33:16.785');
INSERT INTO approle_appgroup (approle_code, appgroup_id, rowidentifier, rowversion, change_action, change_user, change_time) VALUES ('ViewMap', 'read-only-id', 'e28e5fea-a249-11e3-8902-579ef26d6ead', 1, 'i', 'db:postgres', '2014-03-03 09:33:16.785');
INSERT INTO approle_appgroup (approle_code, appgroup_id, rowidentifier, rowversion, change_action, change_user, change_time) VALUES ('ViewMap', 'registration-id', 'e28e86fa-a249-11e3-9651-437e724d9088', 1, 'i', 'db:postgres', '2014-03-03 09:33:16.785');
INSERT INTO approle_appgroup (approle_code, appgroup_id, rowidentifier, rowversion, change_action, change_user, change_time) VALUES ('ViewMap', 'team-leader-id', 'e28eae0a-a249-11e3-91da-ab6a1bace78b', 1, 'i', 'db:postgres', '2014-03-03 09:33:16.785');
INSERT INTO approle_appgroup (approle_code, appgroup_id, rowidentifier, rowversion, change_action, change_user, change_time) VALUES ('ViewMap', 'hod-id', 'e28ed51a-a249-11e3-90f2-fbb858157c73', 1, 'i', 'db:postgres', '2014-03-03 09:33:16.785');
INSERT INTO approle_appgroup (approle_code, appgroup_id, rowidentifier, rowversion, change_action, change_user, change_time) VALUES ('drafting', 'drafting-id', '30d130e4-801e-11e4-85cd-2751b7deb927', 1, 'i', 'db:postgres', '2014-12-10 16:39:48.409');


ALTER TABLE approle_appgroup ENABLE TRIGGER ALL;

--
-- Data for Name: appuser; Type: TABLE DATA; Schema: system; Owner: postgres
--

ALTER TABLE appuser DISABLE TRIGGER ALL;

INSERT INTO appuser (id, username, first_name, last_name, passwd, active, description, rowidentifier, rowversion, change_action, change_user, change_time) VALUES ('test-id', 'test', 'Test', 'The BOSS', '9f86d081884c7d659a2feaa0c55ad015a3bf4f1b2b0b822cd15d6c15b0f00a08', true, NULL, '1a0f0850-9eb4-11e3-afeb-4b6bb07719ed', 1, 'i', 'test', '2014-02-26 20:03:31.924');
INSERT INTO appuser (id, username, first_name, last_name, passwd, active, description, rowidentifier, rowversion, change_action, change_user, change_time) VALUES ('24e16f88-9769-40aa-aedb-b8ff34bfed07', 'semisi', 'Semisi', 'Taufa', '95f99609bde369a0bae117830f00f9477367853f5f25ad3504f2dc7315c6a38b', true, NULL, '206fd0f8-9eb4-11e3-9921-67c37dbf1fa5', 1, 'i', 'semisi', '2014-02-26 20:03:42.674');
INSERT INTO appuser (id, username, first_name, last_name, passwd, active, description, rowidentifier, rowversion, change_action, change_user, change_time) VALUES ('6669d58c-daca-4b2e-a9f3-272481be5d7e', 'sione', 'Sione', ' ', '1b4f0e9851971998e732078544c96b36c3d01cedf7caa332359d6f1d83567014', true, NULL, '2071f3e2-9eb4-11e3-aa8e-977da5180d65', 1, 'i', 'sione', '2014-02-26 20:03:42.688');
INSERT INTO appuser (id, username, first_name, last_name, passwd, active, description, rowidentifier, rowversion, change_action, change_user, change_time) VALUES ('d34cf379-cc57-4f32-b4df-18cae6a47d11', 'rosamond', 'Rosamond', 'Bing', '1b4f0e9851971998e732078544c96b36c3d01cedf7caa332359d6f1d83567014', true, NULL, '2072b732-9eb4-11e3-8e81-cf4af1a79559', 1, 'i', 'test', '2014-02-26 20:03:42.692');
INSERT INTO appuser (id, username, first_name, last_name, passwd, active, description, rowidentifier, rowversion, change_action, change_user, change_time) VALUES ('7106cecd-8f64-4f4a-a52f-2534bf76f3a3', 'warrick', 'Warrick', 'Vea', '8e368f19623e2d7390ddbd8c40d637a9fb6746ba3b21a6e2ca417f89d857e695', true, NULL, '20737a82-9eb4-11e3-95f7-23c2a8704602', 1, 'i', 'warrick', '2014-02-26 20:03:42.698');
INSERT INTO appuser (id, username, first_name, last_name, passwd, active, description, rowidentifier, rowversion, change_action, change_user, change_time) VALUES ('7e6856ac-41ff-4c39-aa29-7b29540f4ef4', 'savelina', 'Savelina', 'Pale', '8fd9006d4a187522263a91771e357bbfc951a2cc8529246abd757102391fe81e', true, NULL, '20748bfc-9eb4-11e3-967e-2369c82e8065', 1, 'i', 'savelina', '2014-02-26 20:03:42.704');
INSERT INTO appuser (id, username, first_name, last_name, passwd, active, description, rowidentifier, rowversion, change_action, change_user, change_time) VALUES ('3ea44318-887e-4dbc-bb63-3cf18e471324', 'michelle', 'Michelle', ' ', '9ae8cfe46fdcdb8e51c56a8ef8cd5319e62b846f49de1370111f3fb34b7045c4', true, NULL, '2075765c-9eb4-11e3-9d8d-f791f63a37ca', 1, 'i', 'michelle', '2014-02-26 20:03:42.711');
INSERT INTO appuser (id, username, first_name, last_name, passwd, active, description, rowidentifier, rowversion, change_action, change_user, change_time) VALUES ('2f7c44db-c04f-4d7e-82b1-02d191261874', 'emina', 'Emina', ' ', 'd6a79254007d0f2cc3115fc445cc6e563925aba6008b73f9c332d62403ff3d4b', true, NULL, '207639ac-9eb4-11e3-be6c-03fbab5a416e', 1, 'i', 'emina', '2014-02-26 20:03:42.716');
INSERT INTO appuser (id, username, first_name, last_name, passwd, active, description, rowidentifier, rowversion, change_action, change_user, change_time) VALUES ('4c518a4c-5774-4036-b271-eb5b122a75f8', 'tafolosa', 'Tafolosa', ' ', '73f79bd110acd47d5161d74956fe3b7223154b9b99819b2307b74ec7a8e64fff', true, NULL, '2078aab6-9eb4-11e3-9c85-d7688f5a8880', 1, 'i', 'tafolosa', '2014-02-26 20:03:42.732');
INSERT INTO appuser (id, username, first_name, last_name, passwd, active, description, rowidentifier, rowversion, change_action, change_user, change_time) VALUES ('b017a158-cb01-4694-a1f6-6ddfcacadd4b', 'silia', 'Silia', ' ', '9b2637a7066ceac51d3e69a7a4968243875b44506780c3faab1d25c06c89636a', true, NULL, '20794700-9eb4-11e3-aed8-33ebeb1f6dcf', 1, 'i', 'silia', '2014-02-26 20:03:42.736');
INSERT INTO appuser (id, username, first_name, last_name, passwd, active, description, rowidentifier, rowversion, change_action, change_user, change_time) VALUES ('79a3c03f-9bea-44c6-bf6f-dccee4e76ccd', 'ono', 'Ono', ' ', '1b4f0e9851971998e732078544c96b36c3d01cedf7caa332359d6f1d83567014', true, NULL, '207a0a50-9eb4-11e3-a881-0bd6918f9cfb', 1, 'i', 'test', '2014-02-26 20:03:42.741');
INSERT INTO appuser (id, username, first_name, last_name, passwd, active, description, rowidentifier, rowversion, change_action, change_user, change_time) VALUES ('5bee66f8-a015-4c6a-b589-73b3302feca5', 'siueli', 'Siueli', ' ', 'd4ad4deeaf14ec8a2bc8f6c6ec21bb213873023c90680f2c2bac5043989ba212', true, NULL, '207acda0-9eb4-11e3-8570-53395d15969f', 1, 'i', 'siueli', '2014-02-26 20:03:42.745');
INSERT INTO appuser (id, username, first_name, last_name, passwd, active, description, rowidentifier, rowversion, change_action, change_user, change_time) VALUES ('35db9e40-e293-4552-8c83-c1647b4cfd30', 'polotu', 'Polotu', ' ', '81878aa09a186069a2bcb71d9d9059cab49c7b12b7bb602cfff4d2bdd7888358', true, NULL, '207b69e0-9eb4-11e3-9f0a-a77bf9c2b43a', 1, 'i', 'polotu', '2014-02-26 20:03:42.749');
INSERT INTO appuser (id, username, first_name, last_name, passwd, active, description, rowidentifier, rowversion, change_action, change_user, change_time) VALUES ('9d2a6029-8781-4b36-aa7f-6eb00105d6e5', 'lousa', 'Lousa', ' ', 'c3e587adfbeb60d7628beb0bbcb62f58a47f63209e20e81e39029336ecf23d72', true, NULL, '207c062a-9eb4-11e3-973a-d75f04d697fd', 1, 'i', 'lousa', '2014-02-26 20:03:42.754');
INSERT INTO appuser (id, username, first_name, last_name, passwd, active, description, rowidentifier, rowversion, change_action, change_user, change_time) VALUES ('f38f8409-9f31-4f5a-94f5-e92a196f1833', 'asipeli', '''Asipeli', 'Palaki', '1b4f0e9851971998e732078544c96b36c3d01cedf7caa332359d6f1d83567014', true, NULL, '207ca26a-9eb4-11e3-bdb7-47fd9e98e384', 1, 'i', 'test', '2014-02-26 20:03:42.758');
INSERT INTO appuser (id, username, first_name, last_name, passwd, active, description, rowidentifier, rowversion, change_action, change_user, change_time) VALUES ('6d18b50b-c8c1-4fc6-974a-91bc26aa807a', 'salesi', 'Salesi', 'Fotu', 'cbedb4d13e797800669c5bbff9e72833baa546af27a34d93b9ff95b1a7bb5139', true, NULL, '207d3eaa-9eb4-11e3-bd05-8fcc843b37af', 1, 'i', 'salesi', '2014-02-26 20:03:42.762');
INSERT INTO appuser (id, username, first_name, last_name, passwd, active, description, rowidentifier, rowversion, change_action, change_user, change_time) VALUES ('03dcb308-443e-42ad-bddc-3d3a8092f87e', 'andrew', 'Andrew', 'McDowell', 'fc093c6f48bcdad5ddd7964faff3a41c51b337a4824301b96c4d3b293b590c30', true, NULL, '2076d5f6-9eb4-11e3-8014-dfbe6c888e1c', 2, 'u', 'andrew', '2014-02-27 15:05:19.949');


ALTER TABLE appuser ENABLE TRIGGER ALL;

--
-- Data for Name: appuser_appgroup; Type: TABLE DATA; Schema: system; Owner: postgres
--

ALTER TABLE appuser_appgroup DISABLE TRIGGER ALL;

INSERT INTO appuser_appgroup (appuser_id, appgroup_id, rowidentifier, rowversion, change_action, change_user, change_time) VALUES ('24e16f88-9769-40aa-aedb-b8ff34bfed07', 'admin-id', '20704628-9eb4-11e3-a692-d7e30cfb1fad', 1, 'i', 'db:postgres', '2014-02-26 20:03:42.677');
INSERT INTO appuser_appgroup (appuser_id, appgroup_id, rowidentifier, rowversion, change_action, change_user, change_time) VALUES ('24e16f88-9769-40aa-aedb-b8ff34bfed07', 'registration-id', '2070e268-9eb4-11e3-bddc-93b984f60f3b', 1, 'i', 'db:postgres', '2014-02-26 20:03:42.681');
INSERT INTO appuser_appgroup (appuser_id, appgroup_id, rowidentifier, rowversion, change_action, change_user, change_time) VALUES ('24e16f88-9769-40aa-aedb-b8ff34bfed07', 'team-leader-id', '20713088-9eb4-11e3-9e1a-a7b34c2bcca0', 1, 'i', 'db:postgres', '2014-02-26 20:03:42.683');
INSERT INTO appuser_appgroup (appuser_id, appgroup_id, rowidentifier, rowversion, change_action, change_user, change_time) VALUES ('24e16f88-9769-40aa-aedb-b8ff34bfed07', 'protected-id', '20717eb2-9eb4-11e3-91b5-c780b58e3433', 1, 'i', 'db:postgres', '2014-02-26 20:03:42.685');
INSERT INTO appuser_appgroup (appuser_id, appgroup_id, rowidentifier, rowversion, change_action, change_user, change_time) VALUES ('6669d58c-daca-4b2e-a9f3-272481be5d7e', 'admin-id', '20724202-9eb4-11e3-ae9f-333d09b66284', 1, 'i', 'db:postgres', '2014-02-26 20:03:42.69');
INSERT INTO appuser_appgroup (appuser_id, appgroup_id, rowidentifier, rowversion, change_action, change_user, change_time) VALUES ('d34cf379-cc57-4f32-b4df-18cae6a47d11', 'read-only-id', '20732c62-9eb4-11e3-8d37-47c94f063e4d', 1, 'i', 'db:postgres', '2014-02-26 20:03:42.695');
INSERT INTO appuser_appgroup (appuser_id, appgroup_id, rowidentifier, rowversion, change_action, change_user, change_time) VALUES ('7106cecd-8f64-4f4a-a52f-2534bf76f3a3', 'registration-id', '2073c8a2-9eb4-11e3-99c6-73064c283064', 1, 'i', 'db:postgres', '2014-02-26 20:03:42.7');
INSERT INTO appuser_appgroup (appuser_id, appgroup_id, rowidentifier, rowversion, change_action, change_user, change_time) VALUES ('7106cecd-8f64-4f4a-a52f-2534bf76f3a3', 'team-leader-id', '207416cc-9eb4-11e3-8742-fbc01909fd91', 1, 'i', 'db:postgres', '2014-02-26 20:03:42.702');
INSERT INTO appuser_appgroup (appuser_id, appgroup_id, rowidentifier, rowversion, change_action, change_user, change_time) VALUES ('7e6856ac-41ff-4c39-aa29-7b29540f4ef4', 'registration-id', '2074da1c-9eb4-11e3-8fb6-774807e33b4e', 1, 'i', 'db:postgres', '2014-02-26 20:03:42.706');
INSERT INTO appuser_appgroup (appuser_id, appgroup_id, rowidentifier, rowversion, change_action, change_user, change_time) VALUES ('7e6856ac-41ff-4c39-aa29-7b29540f4ef4', 'team-leader-id', '2075283c-9eb4-11e3-b8f1-e396cc3bc7e3', 1, 'i', 'db:postgres', '2014-02-26 20:03:42.709');
INSERT INTO appuser_appgroup (appuser_id, appgroup_id, rowidentifier, rowversion, change_action, change_user, change_time) VALUES ('3ea44318-887e-4dbc-bb63-3cf18e471324', 'registration-id', '2075eb8c-9eb4-11e3-8fe3-83ba8ae94eae', 1, 'i', 'db:postgres', '2014-02-26 20:03:42.713');
INSERT INTO appuser_appgroup (appuser_id, appgroup_id, rowidentifier, rowversion, change_action, change_user, change_time) VALUES ('2f7c44db-c04f-4d7e-82b1-02d191261874', 'registration-id', '207687cc-9eb4-11e3-9b1b-e7cdd977d116', 1, 'i', 'db:postgres', '2014-02-26 20:03:42.718');
INSERT INTO appuser_appgroup (appuser_id, appgroup_id, rowidentifier, rowversion, change_action, change_user, change_time) VALUES ('03dcb308-443e-42ad-bddc-3d3a8092f87e', 'registration-id', '20774b26-9eb4-11e3-bf66-cfc8ddd56387', 1, 'i', 'db:postgres', '2014-02-26 20:03:42.722');
INSERT INTO appuser_appgroup (appuser_id, appgroup_id, rowidentifier, rowversion, change_action, change_user, change_time) VALUES ('03dcb308-443e-42ad-bddc-3d3a8092f87e', 'admin-id', '20779946-9eb4-11e3-a590-fb4c10231a57', 1, 'i', 'db:postgres', '2014-02-26 20:03:42.724');
INSERT INTO appuser_appgroup (appuser_id, appgroup_id, rowidentifier, rowversion, change_action, change_user, change_time) VALUES ('03dcb308-443e-42ad-bddc-3d3a8092f87e', 'team-leader-id', '2077e766-9eb4-11e3-9ebc-1bc494b59783', 1, 'i', 'db:postgres', '2014-02-26 20:03:42.727');
INSERT INTO appuser_appgroup (appuser_id, appgroup_id, rowidentifier, rowversion, change_action, change_user, change_time) VALUES ('03dcb308-443e-42ad-bddc-3d3a8092f87e', 'protected-id', '20783586-9eb4-11e3-8c43-677b4bbe678a', 1, 'i', 'db:postgres', '2014-02-26 20:03:42.729');
INSERT INTO appuser_appgroup (appuser_id, appgroup_id, rowidentifier, rowversion, change_action, change_user, change_time) VALUES ('4c518a4c-5774-4036-b271-eb5b122a75f8', 'registration-id', '2078f8d6-9eb4-11e3-b41a-63082346f001', 1, 'i', 'db:postgres', '2014-02-26 20:03:42.734');
INSERT INTO appuser_appgroup (appuser_id, appgroup_id, rowidentifier, rowversion, change_action, change_user, change_time) VALUES ('b017a158-cb01-4694-a1f6-6ddfcacadd4b', 'registration-id', '2079bc30-9eb4-11e3-8012-d367bb71d62a', 1, 'i', 'db:postgres', '2014-02-26 20:03:42.738');
INSERT INTO appuser_appgroup (appuser_id, appgroup_id, rowidentifier, rowversion, change_action, change_user, change_time) VALUES ('79a3c03f-9bea-44c6-bf6f-dccee4e76ccd', 'registration-id', '207a5870-9eb4-11e3-8704-db25c423bd4f', 1, 'i', 'db:postgres', '2014-02-26 20:03:42.743');
INSERT INTO appuser_appgroup (appuser_id, appgroup_id, rowidentifier, rowversion, change_action, change_user, change_time) VALUES ('5bee66f8-a015-4c6a-b589-73b3302feca5', 'registration-id', '207af4b0-9eb4-11e3-a521-a3622c972e43', 1, 'i', 'db:postgres', '2014-02-26 20:03:42.747');
INSERT INTO appuser_appgroup (appuser_id, appgroup_id, rowidentifier, rowversion, change_action, change_user, change_time) VALUES ('35db9e40-e293-4552-8c83-c1647b4cfd30', 'registration-id', '207bb800-9eb4-11e3-9ecc-17c214a66122', 1, 'i', 'db:postgres', '2014-02-26 20:03:42.752');
INSERT INTO appuser_appgroup (appuser_id, appgroup_id, rowidentifier, rowversion, change_action, change_user, change_time) VALUES ('9d2a6029-8781-4b36-aa7f-6eb00105d6e5', 'registration-id', '207c544a-9eb4-11e3-81c6-d352e8a0964d', 1, 'i', 'db:postgres', '2014-02-26 20:03:42.756');
INSERT INTO appuser_appgroup (appuser_id, appgroup_id, rowidentifier, rowversion, change_action, change_user, change_time) VALUES ('f38f8409-9f31-4f5a-94f5-e92a196f1833', 'read-only-id', '207cf08a-9eb4-11e3-b295-439fb5d6af94', 1, 'i', 'db:postgres', '2014-02-26 20:03:42.76');
INSERT INTO appuser_appgroup (appuser_id, appgroup_id, rowidentifier, rowversion, change_action, change_user, change_time) VALUES ('6d18b50b-c8c1-4fc6-974a-91bc26aa807a', 'read-only-id', '207db3da-9eb4-11e3-99fd-fb00a8af6315', 1, 'i', 'db:postgres', '2014-02-26 20:03:42.764');
INSERT INTO appuser_appgroup (appuser_id, appgroup_id, rowidentifier, rowversion, change_action, change_user, change_time) VALUES ('24e16f88-9769-40aa-aedb-b8ff34bfed07', 'drafting-id', '30d2de9e-801e-11e4-a05f-3be7166cefec', 1, 'i', 'db:postgres', '2014-12-10 16:39:48.409');
INSERT INTO appuser_appgroup (appuser_id, appgroup_id, rowidentifier, rowversion, change_action, change_user, change_time) VALUES ('03dcb308-443e-42ad-bddc-3d3a8092f87e', 'drafting-id', '30d32cbe-801e-11e4-abde-23fa4eeb3644', 1, 'i', 'db:postgres', '2014-12-10 16:39:48.409');


ALTER TABLE appuser_appgroup ENABLE TRIGGER ALL;

--
-- Data for Name: appuser_setting; Type: TABLE DATA; Schema: system; Owner: postgres
--

ALTER TABLE appuser_setting DISABLE TRIGGER ALL;



ALTER TABLE appuser_setting ENABLE TRIGGER ALL;

--
-- PostgreSQL database dump complete
--

